edition_id,country_zh,anchor_event_ids,context_at_1084_inference,later_event_ids,troupe_connection,source_ids,cultural_and_calendar_caution
yan,炎,Y001|Y002|Y003|Y004|Y005|Y006,制度、驰道与对外交流均已有较长历史；旧网页风格不能推出交通中世纪。,U006|Y007,本轮未取得剧团在炎国的确定演出记录。,S07|S33|S52|S58|S59,阴阳历与通行纪元并存；龙门与玉门的局地风险不扩大为全炎国禁演。
victoria,维多利亚,G002|G003|V001,高卢已灭亡；维多利亚已经历1072年王权断裂。,V002|V003|V004|V005,旧剧团主要活动国家；克莱布拉松有高卢历史层。,S08|S09|S15|S18|S20|S21|S56|S57,伦蒂尼姆、林贡与克莱布拉松为不同地点；古堡时代不等于剧团成立时代，局地围城或火灾不自动关闭全国。
ursus,乌萨斯,U001|U002|U003|U004|U005,经历血峰战争、皇位更替及叛乱镇压。,U006,未取得剧团在乌萨斯的确定演出记录。,S22|S23|S38|S58,近期发展报告无确年；切尔诺伯格损毁场地不可因危机终结便默认复开。
siracusa,叙拉古,S001|S002,独立与家族秩序已有历史；1084应区分旧沃尔西尼和约1099才建立的新城。,S003|S004|S005|S006,调查报告列其为剧团巡演所到国家，但没有本轮可核实场次日期。,S09|S24|S25|S26|S39|S48|S49|S50|S61,1100新城一周年不等于建城发生于1100；城市身份、旧城新城区和场馆分别审查，节庆也不是本团演出许可。
minos,米诺斯,M001|M002|M003|M004,1041至1042解放和撤军已发生，非仍处于萨尔贡占领期。,M005|M006,本轮未取得剧团在米诺斯的确定演出记录。,S27|S28,现代希腊语是项目技术语言，不等于已有官方古希腊历换算规则。
leithanien,莱塔尼亚,L001|L002,双子女皇已掌权，不能将1084写成巫王公开在位。,L003|L004,报告有剧团演出与异常记录线索，但未定年。,S09|S24|S29|S30|S36|S55,1100庆典课程不能直接放入1084公开页面；沃伦姆德商路阻断与撤并只约束对应路线和旧地址。
kazimierz,卡西米尔,U002|K001,对乌萨斯战争与1072领土收复构成背景。,K002,本轮未取得剧团在卡西米尔的确定演出记录。,S23|S31|S60,不照搬波兰现实年鉴；1097赛事体现接待能力，不证明1084同样条件或剧团获准演出。
higashi,东,H001|H002|U003,南北并立及1072战争均已发生。,,本轮未取得剧团在东国的确定演出记录。,S32|S37,传统年号需独立验证；怪谈报告不得直接列为已证实历史事件。
columbia,哥伦比亚,C001|C002|C003|C004,独立国家已成立；莱茵生命早期合办与1085公司化应区分。,C005|C006|C007|C008|C009|C010|T015|T016|T017|P001|P002|P003|P004,有旧失踪案与蓝卡坞主线；后者年份有分歧，继承与重建营业不能合并为同一事实。,S01|S03|S09|S34|S35|S41|S42|S43|S44|S45|S46|S47|S62|S63,螺旋桨天堂是首都外缘设施而非特里蒙；事故候选1101年末与1102春并存，幸存底层检修不等于复开。汐斯塔为独立城邦，不纳入哥伦比亚领土。
