"concept_id","category","zh_reference","en-GB","zh-CN","en-US","de-DE","el-GR","it-IT","ja-JP","pl-PL","ru-RU","scope_notes"
"country-kjerag","country","谢拉格","Kjerag [official_reproduced;country-kjerag:F02;source=en;not-edition-approved]","谢拉格 [official_reproduced;country-kjerag:F01]","Kjerag [official_reproduced;country-kjerag:F02;source=en;not-edition-approved]","[not_verified]","[not_verified]","[not_verified]","イェラグ [community_reference;country-kjerag:F03]","[not_verified]","[not_verified]","国家不等于喀兰贸易公司，Kjerag 不替换为 Karlan；通商与制度变化须按具体年代核验。"
"country-sargon","country","萨尔贡","Sargon [official_reproduced;country-sargon:F02;source=en;not-edition-approved]","萨尔贡 [official_reproduced;country-sargon:F01]","Sargon [official_reproduced;country-sargon:F02;source=en;not-edition-approved]","[not_verified]","[not_verified]","[not_verified]","サルゴン [community_reference;country-sargon:F03]","[not_verified]","[not_verified]","全国、王酋辖区与雨林部落不能互作同义词；短名与帝国全称分开。"
"country-laterano","country","拉特兰","Laterano [official_reproduced;country-laterano:F02;source=en;not-edition-approved]","拉特兰 [official_reproduced;country-laterano:F01]","Laterano [official_reproduced;country-laterano:F02;source=en;not-edition-approved]","[not_verified]","[not_verified]","[not_verified]","ラテラーノ [community_reference;country-laterano:F03]","[not_verified]","[not_verified]","国家、圣城、拉特兰教会及萨科塔种族不同；后续灾变状态不能回填过去。"
"country-iberia","country","伊比利亚","Iberia [official_reproduced;country-iberia:F02;source=en;not-edition-approved]","伊比利亚 [official_reproduced;country-iberia:F01]","Iberia [official_reproduced;country-iberia:F02;source=en;not-edition-approved]","[not_verified]","[not_verified]","[not_verified]","イベリア [community_reference;country-iberia:F03]","[not_verified]","[not_verified]","大静谧前后国家状态分开；境内阿戈尔族居民不等于海底阿戈尔国家的现行政治身份。"
"country-sami","country","萨米","Sami [official_reproduced;country-sami:F02;source=en;not-edition-approved]","萨米 [official_reproduced;country-sami:F01]","Sami [official_reproduced;country-sami:F02;source=en;not-edition-approved]","[not_verified]","[not_verified]","[not_verified]","サーミ [community_reference;country-sami:F03]","[not_verified]","[not_verified]","国家或地区与同名巨兽不合并；部族联合不强写成中央集权国家。"
"country-bolivar","country","玻利瓦尔","Bolívar [official_reproduced;country-bolivar:F02;source=en;not-edition-approved]","玻利瓦尔 [official_reproduced;country-bolivar:F01]","Bolívar [official_reproduced;country-bolivar:F02;source=en;not-edition-approved]","[not_verified]","[not_verified]","[not_verified]","ボリバル [community_reference;country-bolivar:F03]","[not_verified]","[not_verified]","国家整体与联合政府、王国、真正玻利瓦尔人等势力分开；保留英文重音符号。"
"country-aegir","country","阿戈尔","Ægir [official_reproduced;country-aegir:F02;source=en;not-edition-approved] || Ægir [official_reproduced;country-aegir:F04;source=en;not-edition-approved]","阿戈尔 [official_reproduced;country-aegir:F01]","Ægir [official_reproduced;country-aegir:F02;source=en;not-edition-approved] || Ægir [official_reproduced;country-aegir:F04;source=en;not-edition-approved]","[not_verified]","[not_verified]","[not_verified]","エーギル [community_reference;country-aegir:F03]","[not_verified]","[not_verified]","本项是国家，不是race-aegir种族；国籍、族裔、海底居民与陆上移民不可自动等同。"
"country-durin","country","杜林","Durin [community_reference;country-durin:F02;source=en;not-edition-approved]","杜林 [community_reference;country-durin:F01]","Durin [community_reference;country-durin:F02;source=en;not-edition-approved]","[not_verified]","[not_verified]","[not_verified]","ドゥリン [community_reference;country-durin:F03]","[not_verified]","[not_verified]","本项为地下国度，不是race-durin种族，也不是代号杜林的干员；中央统一政府的存在未由本包证明。"
"country-yan","country","炎","Yan [community_reference;country-yan:F02;source=en;not-edition-approved]","炎 [community_reference;country-yan:F01]","Yan [community_reference;country-yan:F02;source=en;not-edition-approved]","[not_verified]","[not_verified]","[not_verified]","炎国 [community_reference;country-yan:F03]","[not_verified]","[not_verified]","炎、炎国、大炎须按上下文区分简称与国号。"
"country-victoria","country","维多利亚","Victoria [official_reproduced;country-victoria:F03;source=en;not-edition-approved]","维多利亚 [official_reproduced;country-victoria:F02]","Victoria [official_reproduced;country-victoria:F03;source=en;not-edition-approved]","[not_verified]","[not_verified]","[not_verified]","ヴィクトリア [community_reference;country-victoria:F01]","[not_verified]","[not_verified]","不与高卢历史领土或塔拉身份自动合并。"
"country-ursus","country","乌萨斯","Ursus [official_reproduced;country-ursus:F02;source=en;not-edition-approved]","乌萨斯 [official_reproduced;country-ursus:F01]","Ursus [official_reproduced;country-ursus:F02;source=en;not-edition-approved]","[not_verified]","[not_verified]","[not_verified]","ウルサス [official_reproduced;country-ursus:F03]","[not_verified]","[not_verified]","国家与同名种族不是同一概念。"
"country-siracusa","country","叙拉古","Siracusa [official_reproduced;country-siracusa:F03;source=en;not-edition-approved]","叙拉古 [official_reproduced;country-siracusa:F02]","Siracusa [official_reproduced;country-siracusa:F03;source=en;not-edition-approved]","[not_verified]","[not_verified]","[not_verified]","シラクーザ [community_reference;country-siracusa:F01]","[not_verified]","[not_verified]","城市改制不代表整个国家同日改制。"
"country-minos","country","米诺斯","Minos [official_reproduced;country-minos:F03;source=en;not-edition-approved]","米诺斯 [official_reproduced;country-minos:F02]","Minos [official_reproduced;country-minos:F03;source=en;not-edition-approved]","[not_verified]","[not_verified]","[not_verified]","ミノス [community_reference;country-minos:F01]","[not_verified]","[not_verified]","不将现实希腊词形视作游戏已证名称。"
"country-leithanien","country","莱塔尼亚","Leithanien [official_reproduced;country-leithanien:F03;source=en;not-edition-approved]","莱塔尼亚 [official_reproduced;country-leithanien:F02]","Leithanien [official_reproduced;country-leithanien:F03;source=en;not-edition-approved]","[not_verified]","[not_verified]","[not_verified]","リターニア [community_reference;country-leithanien:F01]","[not_verified]","[not_verified]","Leithania 是旧版异写线索，不能无条件覆盖当前写法。"
"country-kazimierz","country","卡西米尔","Kazimierz [official_reproduced;country-kazimierz:F03;source=en;not-edition-approved]","卡西米尔 [official_reproduced;country-kazimierz:F02]","Kazimierz [official_reproduced;country-kazimierz:F03;source=en;not-edition-approved]","[not_verified]","[not_verified]","[not_verified]","カジミエーシュ [community_reference;country-kazimierz:F01]","[not_verified]","[not_verified]","大骑士领是城市群，不是全国的替代国名。"
"country-higashi","country","东国","Higashi [community_reference;country-higashi:F02;source=en;not-edition-approved]","东国 [project_approved;country-higashi:F01]","Higashi [community_reference;country-higashi:F02;source=en;not-edition-approved]","[not_verified]","[not_verified]","[not_verified]","極東 [community_reference;country-higashi:F03]","[not_verified]","[not_verified]","日文使用極東；御机仅为南朝都城，不可泛称两朝共同首都。"
"country-columbia","country","哥伦比亚","Columbia [official_reproduced;country-columbia:F03;source=en;not-edition-approved]","哥伦比亚 [official_reproduced;country-columbia:F02]","Columbia [official_reproduced;country-columbia:F03;source=en;not-edition-approved]","[not_verified]","[not_verified]","[not_verified]","クルビア [community_reference;country-columbia:F01]","[not_verified]","[not_verified]","Columbian Union 与中文联邦不可机械反推为 Federation。"
"country-gaul","country","高卢","Gaul [community_reference;country-gaul:F02;source=en;not-edition-approved]","高卢 [community_reference;country-gaul:F01]","Gaul [community_reference;country-gaul:F02;source=en;not-edition-approved]","[not_verified]","[not_verified]","[not_verified]","ガリア [community_reference;country-gaul:F03]","[not_verified]","[not_verified]","现代领土归属与历史高卢身份须分开。"
"country-kazdel","country","卡兹戴尔","Kazdel [official_reproduced;country-kazdel:F03;source=en;not-edition-approved]","卡兹戴尔 [official_reproduced;country-kazdel:F02]","Kazdel [official_reproduced;country-kazdel:F03;source=en;not-edition-approved]","[not_verified]","[not_verified]","[not_verified]","カズデル [community_reference;country-kazdel:F01]","[not_verified]","[not_verified]","历次重建、政权和城市形态不得当作单一永久实体。"
"country-rim-billiton","country","雷姆必拓","Rim Billiton [official_reproduced;country-rim-billiton:F03;source=en;not-edition-approved]","雷姆必拓 [official_reproduced;country-rim-billiton:F02]","Rim Billiton [official_reproduced;country-rim-billiton:F03;source=en;not-edition-approved]","[not_verified]","[not_verified]","[not_verified]","レム・ビリトン [community_reference;country-rim-billiton:F01]","[not_verified]","[not_verified]","国家与同名企业/矿业组织需按语境区分。"
"place-mitsukue","place","御机","Mitsukue [community_reference;place-mitsukue:F02;source=en;not-edition-approved]","御机 [community_reference;place-mitsukue:F01]","Mitsukue [community_reference;place-mitsukue:F02;source=en;not-edition-approved]","[not_verified]","[not_verified]","[not_verified]","御机 [community_reference;place-mitsukue:F03]","[not_verified]","[not_verified]","南院行在御机大社是全称线索，不代表北朝。"
"place-trimounts","place","特里蒙","Trimounts [community_reference;place-trimounts:F02;source=en;not-edition-approved]","特里蒙 [community_reference;place-trimounts:F01]","Trimounts [community_reference;place-trimounts:F02;source=en;not-edition-approved]","[not_verified]","[not_verified]","[not_verified]","トリマウンツ [community_reference;place-trimounts:F03]","[not_verified]","[not_verified]","Trimounts 尾字母 s 应保留；建城年存在社区叙述冲突，不能仅由十五年前倒推1084为唯一成立年。"
"place-tkaronto","place","提卡伦多","Tkaronto [community_reference;place-tkaronto:F01;source=en;not-edition-approved]","提卡伦多 [official_reproduced;place-tkaronto:F03]","Tkaronto [community_reference;place-tkaronto:F01;source=en;not-edition-approved]","[not_verified]","[not_verified]","[not_verified]","トカロント [community_reference;place-tkaronto:F02]","[not_verified]","[not_verified]","不改写为现实 Toronto。"
"place-wrankwood","place","蓝卡坞","Wrankwood [community_reference;place-wrankwood:F01;source=en;not-edition-approved]","蓝卡坞 [official_reproduced;place-wrankwood:F03]","Wrankwood [community_reference;place-wrankwood:F01;source=en;not-edition-approved]","[not_verified]","[not_verified]","[not_verified]","ランクウッド [community_reference;place-wrankwood:F02]","[not_verified]","[not_verified]","本轮证据支持蓝卡坞，不支持兰卡坞。"
"place-nuova-volsinii","place","新沃尔西尼","Nuova Volsinii [official_reproduced;place-nuova-volsinii:F02;source=en;not-edition-approved]","新沃尔西尼 [official_reproduced;place-nuova-volsinii:F01]","Nuova Volsinii [official_reproduced;place-nuova-volsinii:F02;source=en;not-edition-approved]","[not_verified]","[not_verified]","[not_verified]","ヌオバ・ウォルシーニ [community_reference;place-nuova-volsinii:F03]","[not_verified]","[not_verified]","与旧城独立建模；1100年周年台词支持约1099成立，不从周年活动日期直接推出精确建城日。"
"place-montelupe","place","蒙特卢佩","Montelupe [community_reference;place-montelupe:F02;source=en;not-edition-approved]","蒙特卢佩 [community_reference;place-montelupe:F01]","Montelupe [community_reference;place-montelupe:F02;source=en;not-edition-approved]","[not_verified]","[not_verified]","[not_verified]","[not_verified]","[not_verified]","[not_verified]","日文形式本轮未取得证据，保留缺失。"
"place-athenius","place","雅赛努斯","Athenius [community_reference;place-athenius:F02;source=en;not-edition-approved] || Athenus [community_reference;place-athenius:F04;source=en;not-edition-approved]","雅赛努斯 [community_reference;place-athenius:F01]","Athenius [community_reference;place-athenius:F02;source=en;not-edition-approved] || Athenus [community_reference;place-athenius:F04;source=en;not-edition-approved]","[not_verified]","[not_verified]","[not_verified]","アテヌス [community_reference;place-athenius:F03]","[not_verified]","[not_verified]","PRTS 记录 Athenus、当前英文社区条目为 Athenius，需保留版本冲突。"
"place-kawalerielki","place","卡瓦莱利亚基","Kawalerielki [community_reference;place-kawalerielki:F02;source=en;not-edition-approved]","卡瓦莱利亚基 [community_reference;place-kawalerielki:F01]","Kawalerielki [community_reference;place-kawalerielki:F02;source=en;not-edition-approved]","[not_verified]","[not_verified]","[not_verified]","カヴァレリエルキ [community_reference;place-kawalerielki:F03]","[not_verified]","[not_verified]","大骑士领为别称，不是一个独立国家。"
"place-vyseheim","place","维谢海姆","Vyseheim [community_reference;place-vyseheim:F02;source=en;not-edition-approved]","维谢海姆 [community_reference;place-vyseheim:F01]","Vyseheim [community_reference;place-vyseheim:F02;source=en;not-edition-approved]","[not_verified]","[not_verified]","[not_verified]","ヴィセハイム [official_reproduced;place-vyseheim:F03]","[not_verified]","[not_verified]","日文不是仓库现存的ヴィシェハイム；待批准后统一展示文案，不必改稳定ID。"
"place-zwillingsturme","place","崔林特尔梅","Zwillingstürme [community_reference;place-zwillingsturme:F02;source=en;not-edition-approved] || Vedunien [official_reproduced;place-zwillingsturme:F04;source=en;not-edition-approved]","崔林特尔梅 [community_reference;place-zwillingsturme:F01]","Zwillingstürme [community_reference;place-zwillingsturme:F02;source=en;not-edition-approved] || Vedunien [official_reproduced;place-zwillingsturme:F04;source=en;not-edition-approved]","[not_verified]","[not_verified]","[not_verified]","ツヴィリングトゥルム [community_reference;place-zwillingsturme:F03]","[not_verified]","[not_verified]","前身为 Vedunien；1092重建完成并不直接证明城市恰在1092更名，1084显示资格仍需独立审查。"
"place-londinium","place","伦蒂尼姆","Londinium [community_reference;place-londinium:F02;source=en;not-edition-approved]","伦蒂尼姆 [community_reference;place-londinium:F01]","Londinium [community_reference;place-londinium:F02;source=en;not-edition-approved]","[not_verified]","[not_verified]","[not_verified]","ロンディニウム [community_reference;place-londinium:F03]","[not_verified]","[not_verified]","需区分占领、战争与正常营运的年代状态。"
"place-calais-blason","place","克莱布拉松","Calais-Blason [community_reference;place-calais-blason:F01;source=en;not-edition-approved] || Celaiblason [community_reference;place-calais-blason:F04;source=en;not-edition-approved] || Calais-blason [official_reproduced;place-calais-blason:F05;source=en;not-edition-approved]","克莱布拉松 [official_reproduced;place-calais-blason:F03]","Calais-Blason [community_reference;place-calais-blason:F01;source=en;not-edition-approved] || Celaiblason [community_reference;place-calais-blason:F04;source=en;not-edition-approved] || Calais-blason [official_reproduced;place-calais-blason:F05;source=en;not-edition-approved]","[not_verified]","[not_verified]","[not_verified]","セライブラソン [community_reference;place-calais-blason:F02]","[not_verified]","[not_verified]","地区、林地城堡、剧团驻地不是同一实体；克莱布尔松本轮未获支持。"
"place-deity-grypherburg","place","圣骏堡","Deity Grypherburg [community_reference;place-deity-grypherburg:F02;source=en;not-edition-approved]","圣骏堡 [community_reference;place-deity-grypherburg:F01]","Deity Grypherburg [community_reference;place-deity-grypherburg:F02;source=en;not-edition-approved]","[not_verified]","[not_verified]","[not_verified]","サンクト・グリファーブルク [community_reference;place-deity-grypherburg:F03]","[not_verified]","[not_verified]","俄文项目作者输入未由本轮独立核验，不能从日文前缀反造俄语全称。"
"place-baizao","place","百灶","Baizao [community_reference;place-baizao:F02;source=en;not-edition-approved]","百灶 [community_reference;place-baizao:F01]","Baizao [community_reference;place-baizao:F02;source=en;not-edition-approved]","[not_verified]","[not_verified]","[not_verified]","百灶 [community_reference;place-baizao:F03]","[not_verified]","[not_verified]","保留官方汉字，不以读音自行替换。"
"place-lungmen","place","龙门","Lungmen [community_reference;place-lungmen:F02;source=en;not-edition-approved]","龙门 [community_reference;place-lungmen:F01]","Lungmen [community_reference;place-lungmen:F02;source=en;not-edition-approved]","[not_verified]","[not_verified]","[not_verified]","龍門 [official_direct;place-lungmen:F03]","[not_verified]","[not_verified]","具有自治地位并不使其成为独立国家。"
"place-shangshu","place","尚蜀","Shangshu [community_reference;place-shangshu:F02;source=en;not-edition-approved]","尚蜀 [community_reference;place-shangshu:F01]","Shangshu [community_reference;place-shangshu:F02;source=en;not-edition-approved]","[not_verified]","[not_verified]","[not_verified]","尚蜀 [community_reference;place-shangshu:F03]","[not_verified]","[not_verified]","移动城与周边地理环境应分开描述。"
"place-volsinii","place","沃尔西尼","Volsinii [community_reference;place-volsinii:F02;source=en;not-edition-approved]","沃尔西尼 [community_reference;place-volsinii:F01]","Volsinii [community_reference;place-volsinii:F02;source=en;not-edition-approved]","[not_verified]","[not_verified]","[not_verified]","ウォルシーニ [official_reproduced;place-volsinii:F03]","[not_verified]","[not_verified]","1084称沃尔西尼；旧沃尔西尼是后世区分展示语，不是原始专名自动异写。"
"place-max-dc","place","麦克斯特区","Max D.C. [community_reference;place-max-dc:F01;source=en;not-edition-approved] || Max, District of Columbia [community_reference;place-max-dc:F04;source=en;not-edition-approved]","麦克斯特区 [official_reproduced;place-max-dc:F02] || 麦克斯哥伦比亚特区 [community_reference;place-max-dc:F03]","Max D.C. [community_reference;place-max-dc:F01;source=en;not-edition-approved] || Max, District of Columbia [community_reference;place-max-dc:F04;source=en;not-edition-approved]","[not_verified]","[not_verified]","[not_verified]","[not_verified]","[not_verified]","[not_verified]","不可与位于其周边的螺旋桨天堂或特里蒙等同；日文缺失。"
"place-propeller-paradise","place","螺旋桨天堂","Propeller Paradise [community_reference;place-propeller-paradise:F02;source=en;not-edition-approved]","螺旋桨天堂 [community_reference;place-propeller-paradise:F01]","Propeller Paradise [community_reference;place-propeller-paradise:F02;source=en;not-edition-approved]","[not_verified]","[not_verified]","[not_verified]","プロペラパラダイス [community_reference;place-propeller-paradise:F03]","[not_verified]","[not_verified]","不是哥伦比亚首都；灾后重建及开放时间需按剧情版本另审。"
"place-lingones","place","林贡斯","Lingones [community_reference;place-lingones:F02;source=en;not-edition-approved]","林贡斯 [community_reference;place-lingones:F01]","Lingones [community_reference;place-lingones:F02;source=en;not-edition-approved]","[not_verified]","[not_verified]","[not_verified]","リンゴネス [community_reference;place-lingones:F03]","[not_verified]","[not_verified]","废墟或历史幻象不能直接作为现代常规演出城市。"
"place-siesta","place","汐斯塔","Siesta [community_reference;place-siesta:F02;source=en;not-edition-approved]","汐斯塔 [community_reference;place-siesta:F01]","Siesta [community_reference;place-siesta:F02;source=en;not-edition-approved]","[not_verified]","[not_verified]","[not_verified]","シエスタ [community_reference;place-siesta:F03]","[not_verified]","[not_verified]","旧火山城市与迁移后的移动城市需按年代区分；不能仅因哥伦比亚影响就认定普通省属城市。"
"place-wolumonde","place","沃伦姆德","Wolumonde [community_reference;place-wolumonde:F02;source=en;not-edition-approved]","沃伦姆德 [community_reference;place-wolumonde:F01]","Wolumonde [community_reference;place-wolumonde:F02;source=en;not-edition-approved]","[not_verified]","[not_verified]","[not_verified]","ウォルモンド [community_reference;place-wolumonde:F03]","[not_verified]","[not_verified]","灾变前、起义后及废弃状态需分别核验。"
"place-chernobog","place","切尔诺伯格","Chernobog [official_reproduced;place-chernobog:F02;source=en;not-edition-approved]","切尔诺伯格 [official_reproduced;place-chernobog:F01]","Chernobog [official_reproduced;place-chernobog:F02;source=en;not-edition-approved]","[not_verified]","[not_verified]","[not_verified]","チェルノボーグ [official_reproduced;place-chernobog:F03]","[not_verified]","[not_verified]","1096灾难前后及后续重建名称不可无条件共用。"
"event-war-four-nations","event","四国战争","War of the Four Nations [community_reference;event-war-four-nations:F02;source=en;not-edition-approved]","四国战争 [community_reference;event-war-four-nations:F01]","War of the Four Nations [community_reference;event-war-four-nations:F02;source=en;not-edition-approved]","[not_verified]","[not_verified]","[not_verified]","四国戦争 [community_reference;event-war-four-nations:F03]","[not_verified]","[not_verified]","四皇会战是战争中的关键战役，不能把两者作为同一概念。"
"event-septemberaufstand","event","九月起义","Septemberaufstand [community_reference;event-septemberaufstand:F02;source=en;not-edition-approved]","九月起义 [community_reference;event-septemberaufstand:F01]","Septemberaufstand [community_reference;event-septemberaufstand:F02;source=en;not-edition-approved]","[not_verified]","[not_verified]","[not_verified]","九月蜂起 [community_reference;event-septemberaufstand:F03]","[not_verified]","[not_verified]","不能与1092首都重建完成事件合并。"
"org-crimson-troupe","organization","猩红剧团","Crimson Troupe [community_reference;org-crimson-troupe:F02;source=en;not-edition-approved]","猩红剧团 [official_reproduced;org-crimson-troupe:F01]","Crimson Troupe [community_reference;org-crimson-troupe:F02;source=en;not-edition-approved]","Crimson Troupe [candidate;protected_name;CAND-org-crimson-troupe-de-DE]","Crimson Troupe [candidate;protected_name;CAND-org-crimson-troupe-el-GR]","Crimson Troupe [candidate;protected_name;CAND-org-crimson-troupe-it-IT]","クリムゾン劇団 [community_reference;org-crimson-troupe:F03]","Crimson Troupe [candidate;protected_name;CAND-org-crimson-troupe-pl-PL]","Crimson Troupe [candidate;protected_name;CAND-org-crimson-troupe-ru-RU]","官方旧团历史、红丝绒后的重组和本站自创事务不可混为同一事实层；新旧阶段应附时间语境。 当前社区同页另列Scarlet Troupe、猩红歌剧团，作为待核异名线索，不新建组织、不自动覆盖已接受品牌；日文官网原文仍待补证。"
"person-phantom","person","傀影","Phantom [community_reference;person-phantom:F02;source=en;not-edition-approved]","傀影 [community_reference;person-phantom:F01]","Phantom [community_reference;person-phantom:F02;source=en;not-edition-approved]","Phantom [candidate;protected_name;CAND-person-phantom-de-DE]","Phantom [candidate;protected_name;CAND-person-phantom-el-GR]","Phantom [candidate;protected_name;CAND-person-phantom-it-IT]","ファントム [community_reference;person-phantom:F03] || ファントム [official_direct;person-phantom:F04]","Phantom [candidate;protected_name;CAND-person-phantom-pl-PL]","Phantom [candidate;protected_name;CAND-person-phantom-ru-RU]","Phantom为干员代号；人物本名卢西恩单列关联；异格代号酒神属于后续阶段。 member_of仅表示引证故事阶段的成员关系，不能解释为当前仍在职。"
"person-lucian","person","卢西恩","Lucian [community_reference;person-lucian:F02;source=en;not-edition-approved]","卢西恩 [official_reproduced;person-lucian:F01]","Lucian [community_reference;person-lucian:F02;source=en;not-edition-approved]","Lucian [candidate;protected_name;CAND-person-lucian-de-DE]","Lucian [candidate;protected_name;CAND-person-lucian-el-GR]","Lucian [candidate;protected_name;CAND-person-lucian-it-IT]","ルシアン [community_reference;person-lucian:F03]","Lucian [candidate;protected_name;CAND-person-lucian-pl-PL]","Lucian [candidate;protected_name;CAND-person-lucian-ru-RU]","人物实体与代号需关联，不能将本名归给旧酒神。卢西恩，猩红血钻的敌人全称不等于新的独立人物。 member_of仅表示引证故事阶段的成员关系，不能解释为当前仍在职。"
"person-tragodia-predecessor","person","“酒神”","Tragodia [community_reference;person-tragodia-predecessor:F02;source=en;not-edition-approved] || Troupe Master [community_reference;person-tragodia-predecessor:F05;source=en;not-edition-approved]","“酒神” [community_reference;person-tragodia-predecessor:F01] || 剧团长 [community_reference;person-tragodia-predecessor:F04]","Tragodia [community_reference;person-tragodia-predecessor:F02;source=en;not-edition-approved] || Troupe Master [community_reference;person-tragodia-predecessor:F05;source=en;not-edition-approved]","Tragodia [candidate;protected_name;CAND-person-tragodia-predecessor-de-DE]","Tragodia [candidate;protected_name;CAND-person-tragodia-predecessor-el-GR]","Tragodia [candidate;protected_name;CAND-person-tragodia-predecessor-it-IT]","酒神 [community_reference;person-tragodia-predecessor:F03] || 劇団長 [community_reference;person-tragodia-predecessor:F06]","Tragodia [candidate;protected_name;CAND-person-tragodia-predecessor-pl-PL]","Tragodia [candidate;protected_name;CAND-person-tragodia-predecessor-ru-RU]","加前代／旧团长限定。酒神这一名称发生传承，但旧团长的人物实体不与卢西恩合并；日文酒神与干员トラゴーディア不同语用。 member_of仅表示引证故事阶段的成员关系，不能解释为当前仍在职。"
"title-tragodia-lucian","title","酒神","Tragodia [official_direct;title-tragodia-lucian:F02;source=en;not-edition-approved]","酒神 [official_direct;title-tragodia-lucian:F01]","Tragodia [official_direct;title-tragodia-lucian:F02;source=en;not-edition-approved]","Tragodia [candidate;protected_name;CAND-title-tragodia-lucian-de-DE]","Tragodia [candidate;protected_name;CAND-title-tragodia-lucian-el-GR]","Tragodia [candidate;protected_name;CAND-title-tragodia-lucian-it-IT]","トラゴーディア [official_direct;title-tragodia-lucian:F03] || トラゴディア [community_reference;title-tragodia-lucian:F04]","Tragodia [candidate;protected_name;CAND-title-tragodia-lucian-pl-PL]","Tragodia [candidate;protected_name;CAND-title-tragodia-lucian-ru-RU]","此记录指后继者卢西恩持有的代号；与前代旧团长保持distinct_from。Dionysus仅可作为神话释义，不能替换官方英译。"
"person-miss-christine","person","Miss.Christine","Miss.Christine [official_direct;person-miss-christine:F02;source=en;not-edition-approved]","Miss.Christine [community_reference;person-miss-christine:F01]","Miss.Christine [official_direct;person-miss-christine:F02;source=en;not-edition-approved]","[not_verified]","[not_verified]","[not_verified]","ミス・クリスティーン [official_direct;person-miss-christine:F03]","[not_verified]","[not_verified]","中文也采用拉丁字母名称；不要从现实歌剧女主角直接迁入其身份或故事；句点与空格差异需要按来源记录。"
"person-playwright","person","剧作家","Playwright [community_reference;person-playwright:F02;source=en;not-edition-approved]","剧作家 [community_reference;person-playwright:F01]","Playwright [community_reference;person-playwright:F02;source=en;not-edition-approved]","Dramatiker [candidate;semantic_translation;CAND-person-playwright-de-DE]","δραματουργός [candidate;semantic_translation;CAND-person-playwright-el-GR]","drammaturgo [candidate;semantic_translation;CAND-person-playwright-it-IT]","劇作家 [community_reference;person-playwright:F03]","dramaturg [candidate;semantic_translation;CAND-person-playwright-pl-PL]","драматург [candidate;semantic_translation;CAND-person-playwright-ru-RU]","称号与普通职业名同形，索引需使用人物ID；肉鸽分支结局不自动当作唯一正史。 member_of仅表示引证故事阶段的成员关系，不能解释为当前仍在职。"
"person-troupe-mouthpiece","person","剧团喉舌","Troupe Mouthpiece [community_reference;person-troupe-mouthpiece:F02;source=en;not-edition-approved] || Ahrendts [community_reference;person-troupe-mouthpiece:F05;source=en;not-edition-approved]","剧团喉舌 [community_reference;person-troupe-mouthpiece:F01] || 阿伦茨 [community_reference;person-troupe-mouthpiece:F04]","Troupe Mouthpiece [community_reference;person-troupe-mouthpiece:F02;source=en;not-edition-approved] || Ahrendts [community_reference;person-troupe-mouthpiece:F05;source=en;not-edition-approved]","[not_verified]","[not_verified]","[not_verified]","劇団の喉舌 [community_reference;person-troupe-mouthpiece:F03] || アーレンツ [community_reference;person-troupe-mouthpiece:F06]","[not_verified]","[not_verified]","喉舌是角色称号；不可泛指所有剧团工作人员或翻译成表站机构口吻。 member_of仅表示引证故事阶段的成员关系，不能解释为当前仍在职。"
"person-shalem","person","暮落","Shalem [community_reference;person-shalem:F02;source=en;not-edition-approved]","暮落 [community_reference;person-shalem:F01]","Shalem [community_reference;person-shalem:F02;source=en;not-edition-approved]","[not_verified]","[not_verified]","[not_verified]","シャレム [community_reference;person-shalem:F03]","[not_verified]","[not_verified]","暮落为干员代号；本次未确认沉渊的英日对应，留作待核线索。 member_of仅表示引证故事阶段的成员关系，不能解释为当前仍在职。"
"org-rhodes-island","organization","罗德岛","Rhodes Island [official_direct;org-rhodes-island:F02;source=en;not-edition-approved] || Rhodes Island Pharmaceuticals Inc. [community_reference;org-rhodes-island:F04;source=en;not-edition-approved]","罗德岛 [official_direct;org-rhodes-island:F01]","Rhodes Island [official_direct;org-rhodes-island:F02;source=en;not-edition-approved] || Rhodes Island Pharmaceuticals Inc. [community_reference;org-rhodes-island:F04;source=en;not-edition-approved]","Rhodes Island [candidate;protected_name;CAND-org-rhodes-island-de-DE]","Rhodes Island [candidate;protected_name;CAND-org-rhodes-island-el-GR]","Rhodes Island [candidate;protected_name;CAND-org-rhodes-island-it-IT]","ロドス [official_direct;org-rhodes-island:F03]","Rhodes Island [candidate;protected_name;CAND-org-rhodes-island-pl-PL]","Rhodes Island [candidate;protected_name;CAND-org-rhodes-island-ru-RU]","机构与同名陆行舰必须分开建模；全称、简称及舰名不可无条件互换。"
"org-babel","organization","巴别塔","Babel [community_reference;org-babel:F02;source=en;not-edition-approved]","巴别塔 [community_reference;org-babel:F01]","Babel [community_reference;org-babel:F02;source=en;not-edition-approved]","Babel [candidate;protected_name;CAND-org-babel-de-DE]","Babel [candidate;protected_name;CAND-org-babel-el-GR]","Babel [candidate;protected_name;CAND-org-babel-it-IT]","バベル [community_reference;org-babel:F03]","Babel [candidate;protected_name;CAND-org-babel-pl-PL]","Babel [candidate;protected_name;CAND-org-babel-ru-RU]","原巴别塔、其后重建组织与同名活动分开；不把succession理解为全部成员和目标完全相同。"
"org-rhine-lab","company","莱茵生命","Rhine Lab [official_direct;org-rhine-lab:F02;source=en;not-edition-approved]","莱茵生命 [community_reference;org-rhine-lab:F01]","Rhine Lab [official_direct;org-rhine-lab:F02;source=en;not-edition-approved]","Rhine Lab [candidate;protected_name;CAND-org-rhine-lab-de-DE]","Rhine Lab [candidate;protected_name;CAND-org-rhine-lab-el-GR]","Rhine Lab [candidate;protected_name;CAND-org-rhine-lab-it-IT]","ライン生命 [official_direct;org-rhine-lab:F03]","Rhine Lab [candidate;protected_name;CAND-org-rhine-lab-pl-PL]","Rhine Lab [candidate;protected_name;CAND-org-rhine-lab-ru-RU]","公司名不是现实莱茵河地名；Rhine Lab LLC.为全称形式，未经证据不能写Rhine Life。"
"org-maylander-foundation","organization","梅兰德基金会","Maylander Foundation [community_reference;org-maylander-foundation:F02;source=en;not-edition-approved]","梅兰德基金会 [community_reference;org-maylander-foundation:F01]","Maylander Foundation [community_reference;org-maylander-foundation:F02;source=en;not-edition-approved]","Maylander-Stiftung [candidate;hybrid_name;CAND-org-maylander-foundation-de-DE]","Ίδρυμα Maylander [candidate;hybrid_name;CAND-org-maylander-foundation-el-GR]","Fondazione Maylander [candidate;hybrid_name;CAND-org-maylander-foundation-it-IT]","マイレンダー基金 [community_reference;org-maylander-foundation:F03]","Fundacja Maylander [candidate;hybrid_name;CAND-org-maylander-foundation-pl-PL]","фонд Maylander [candidate;hybrid_name;CAND-org-maylander-foundation-ru-RU]","Maylander拼写保留；不要写Mayerlander；人物梅兰德·塞勒涅与基金会分开。"
"org-blacksteel-worldwide","company","黑钢国际","Blacksteel Worldwide [official_direct;org-blacksteel-worldwide:F02;source=en;not-edition-approved]","黑钢国际 [community_reference;org-blacksteel-worldwide:F01]","Blacksteel Worldwide [official_direct;org-blacksteel-worldwide:F02;source=en;not-edition-approved]","Blacksteel Worldwide [candidate;protected_name;CAND-org-blacksteel-worldwide-de-DE]","Blacksteel Worldwide [candidate;protected_name;CAND-org-blacksteel-worldwide-el-GR]","Blacksteel Worldwide [candidate;protected_name;CAND-org-blacksteel-worldwide-it-IT]","ブラックスチール・ワールドワイド [community_reference;org-blacksteel-worldwide:F03]","Blacksteel Worldwide [candidate;protected_name;CAND-org-blacksteel-worldwide-pl-PL]","Blacksteel Worldwide [candidate;protected_name;CAND-org-blacksteel-worldwide-ru-RU]","Blacksteel为简称；BlackSteel International Private Security Consultants为社区登记别名，不取代当前主形式。"
"org-penguin-logistics","company","企鹅物流","Penguin Logistics [official_direct;org-penguin-logistics:F02;source=en;not-edition-approved]","企鹅物流 [community_reference;org-penguin-logistics:F01]","Penguin Logistics [official_direct;org-penguin-logistics:F02;source=en;not-edition-approved]","Penguin Logistics [candidate;protected_name;CAND-org-penguin-logistics-de-DE]","Penguin Logistics [candidate;protected_name;CAND-org-penguin-logistics-el-GR]","Penguin Logistics [candidate;protected_name;CAND-org-penguin-logistics-it-IT]","ペンギン急便 [official_direct;org-penguin-logistics:F03]","Penguin Logistics [candidate;protected_name;CAND-org-penguin-logistics-pl-PL]","Penguin Logistics [candidate;protected_name;CAND-org-penguin-logistics-ru-RU]","机构名称不从中文逐字机器翻译；与普通企鹅动物词分开。"
"org-karlan-trade","company","喀兰贸易","Karlan Trade [community_reference;org-karlan-trade:F02;source=en;not-edition-approved]","喀兰贸易 [community_reference;org-karlan-trade:F01]","Karlan Trade [community_reference;org-karlan-trade:F02;source=en;not-edition-approved]","Karlan Trade [candidate;protected_name;CAND-org-karlan-trade-de-DE]","Karlan Trade [candidate;protected_name;CAND-org-karlan-trade-el-GR]","Karlan Trade [candidate;protected_name;CAND-org-karlan-trade-it-IT]","カランド貿易 [community_reference;org-karlan-trade:F03]","Karlan Trade [candidate;protected_name;CAND-org-karlan-trade-pl-PL]","Karlan Trade [candidate;protected_name;CAND-org-karlan-trade-ru-RU]","公司名Karlan不能与国家Kjerag等同。Karlan Trade Co., Ltd.与Karlan Commercial是来源不同的全称／别名。"
"org-raythean-industries","company","雷神重工","Raythean Industries [community_reference;org-raythean-industries:F02;source=en;not-edition-approved]","雷神重工 [community_reference;org-raythean-industries:F01]","Raythean Industries [community_reference;org-raythean-industries:F02;source=en;not-edition-approved]","Raythean Industries [candidate;protected_name;CAND-org-raythean-industries-de-DE]","Raythean Industries [candidate;protected_name;CAND-org-raythean-industries-el-GR]","Raythean Industries [candidate;protected_name;CAND-org-raythean-industries-it-IT]","レイジアン工業 [community_reference;org-raythean-industries:F03]","Raythean Industries [candidate;protected_name;CAND-org-raythean-industries-pl-PL]","Raythean Industries [candidate;protected_name;CAND-org-raythean-industries-ru-RU]","中文雷神工业仅为任务中的待核表述；现有证据中文字段作雷神重工。Raythean不要误写成现实Raytheon。"
"org-kazimierz-general-chamber","organization","卡西米尔商业联合会","Kazimierz General Chamber of Commerce [community_reference;org-kazimierz-general-chamber:F02;source=en;not-edition-approved]","卡西米尔商业联合会 [community_reference;org-kazimierz-general-chamber:F01]","Kazimierz General Chamber of Commerce [community_reference;org-kazimierz-general-chamber:F02;source=en;not-edition-approved]","[not_verified]","[not_verified]","[not_verified]","カジミエーシュ商業連合会 [community_reference;org-kazimierz-general-chamber:F03]","[not_verified]","[not_verified]","简称KGCC可作检索候选；不能与无胄盟作为同一机构合并。日文去除了检索注音。"
"org-armorless-union","organization","卡西米尔无胄盟","Kazimierz Armorless Union [community_reference;org-armorless-union:F02;source=en;not-edition-approved]","卡西米尔无胄盟 [community_reference;org-armorless-union:F01]","Kazimierz Armorless Union [community_reference;org-armorless-union:F02;source=en;not-edition-approved]","[not_verified]","[not_verified]","[not_verified]","カジミエーシュ無冑盟 [community_reference;org-armorless-union:F03]","[not_verified]","[not_verified]","简称无胄盟／Armorless Union；中文胄与日文冑字形不应自动相互覆盖。旧英名Scionless Alliance仅是历史形式。"
"org-reunion","organization","整合运动","Reunion Movement [community_reference;org-reunion:F02;source=en;not-edition-approved]","整合运动 [official_direct;org-reunion:F01]","Reunion Movement [community_reference;org-reunion:F02;source=en;not-edition-approved]","[not_verified]","[not_verified]","[not_verified]","レユニオン・ムーブメント [community_reference;org-reunion:F03]","[not_verified]","[not_verified]","感染者是人群状态，不等于整合运动成员。对其定性应附故事阶段，避免将后期改革与早期暴力活动混为一谈。"
"org-pinus-sylvestris","organization","红松骑士团","Pinus Sylvestris Knightclub [community_reference;org-pinus-sylvestris:F02;source=en;not-edition-approved]","红松骑士团 [community_reference;org-pinus-sylvestris:F01]","Pinus Sylvestris Knightclub [community_reference;org-pinus-sylvestris:F02;source=en;not-edition-approved]","[not_verified]","[not_verified]","[not_verified]","レッドパイン騎士団 [community_reference;org-pinus-sylvestris:F03]","[not_verified]","[not_verified]","组织与同名活动区别；中文红松的骑士是活动题名，不等于机构全称。"
"org-followers","organization","使徒","Followers [community_reference;org-followers:F02;source=en;not-edition-approved]","使徒 [community_reference;org-followers:F01]","Followers [community_reference;org-followers:F02;source=en;not-edition-approved]","[not_verified]","[not_verified]","[not_verified]","使徒 [community_reference;org-followers:F03]","[not_verified]","[not_verified]","这是特定团体名；勿泛化成所有宗教使徒，英文不是Apostles。"
"org-lungmen-guard-department","organization","龙门近卫局","Lungmen Guard Department [community_reference;org-lungmen-guard-department:F02;source=en;not-edition-approved]","龙门近卫局 [community_reference;org-lungmen-guard-department:F01]","Lungmen Guard Department [community_reference;org-lungmen-guard-department:F02;source=en;not-edition-approved]","[not_verified]","[not_verified]","[not_verified]","龍門近衛局 [community_reference;org-lungmen-guard-department:F03]","[not_verified]","[not_verified]","L.G.D.为常见英文缩写；历任长官随时间变化，术语记录不冻结当前人事。"
"person-amiya","person","阿米娅","Amiya [official_direct;person-amiya:F02;source=en;not-edition-approved]","阿米娅 [official_direct;person-amiya:F01]","Amiya [official_direct;person-amiya:F02;source=en;not-edition-approved]","[not_verified]","[not_verified]","[not_verified]","アーミヤ [official_direct;person-amiya:F03]","[not_verified]","[not_verified]","本次只登记名称和机构关联，年龄与后续身份变化不纳入稳定词义。 member_of仅表示引证故事阶段的成员关系，不能解释为当前仍在职。"
"person-kaltsit","person","凯尔希","Kal'tsit [community_reference;person-kaltsit:F02;source=en;not-edition-approved]","凯尔希 [official_direct;person-kaltsit:F01]","Kal'tsit [community_reference;person-kaltsit:F02;source=en;not-edition-approved]","[not_verified]","[not_verified]","[not_verified]","ケルシー [official_direct;person-kaltsit:F03]","[not_verified]","[not_verified]","英文撇号是名称组成部分；不将俄语词源当成独立已批准译名；不套用后续异格状态。 member_of仅表示引证故事阶段的成员关系，不能解释为当前仍在职。"
"person-doctor","person","博士","Doctor [community_reference;person-doctor:F02;source=en;not-edition-approved]","博士 [official_direct;person-doctor:F01]","Doctor [community_reference;person-doctor:F02;source=en;not-edition-approved]","[not_verified]","[not_verified]","[not_verified]","ドクター [official_direct;person-doctor:F03]","[not_verified]","[not_verified]","Doctor是称呼而非本次核实的个人本名；不要固定玩家名、性别或称谓带来的真实学历。 member_of仅表示引证故事阶段的成员关系，不能解释为当前仍在职。"
"person-theresa","person","特蕾西娅","Theresa [community_reference;person-theresa:F02;source=en;not-edition-approved]","特蕾西娅 [community_reference;person-theresa:F01]","Theresa [community_reference;person-theresa:F02;source=en;not-edition-approved]","[not_verified]","[not_verified]","[not_verified]","テレジア [community_reference;person-theresa:F03]","[not_verified]","[not_verified]","和特雷西斯是不同人物；与文明的存续等衍生存在不能仅凭外形合并。 member_of仅表示引证故事阶段的成员关系，不能解释为当前仍在职。"
"person-theresis","person","特雷西斯","Theresis [community_reference;person-theresis:F02;source=en;not-edition-approved]","特雷西斯 [community_reference;person-theresis:F01]","Theresis [community_reference;person-theresis:F02;source=en;not-edition-approved]","[not_verified]","[not_verified]","[not_verified]","テレシス [community_reference;person-theresis:F03]","[not_verified]","[not_verified]","中文不是特蕾西斯；不可与Theresa交换，生死及职务必须附故事时期。"
"person-saria","person","塞雷娅","Saria [community_reference;person-saria:F02;source=en;not-edition-approved]","塞雷娅 [community_reference;person-saria:F01]","Saria [community_reference;person-saria:F02;source=en;not-edition-approved]","[not_verified]","[not_verified]","[not_verified]","サリア [community_reference;person-saria:F03]","[not_verified]","[not_verified]","干员名与此前在莱茵生命的具体职务分开；不将已离任职务当永久定义。 member_of仅表示引证故事阶段的成员关系，不能解释为当前仍在职。"
"person-silence","person","赫默","Silence [community_reference;person-silence:F02;source=en;not-edition-approved]","赫默 [community_reference;person-silence:F01]","Silence [community_reference;person-silence:F02;source=en;not-edition-approved]","[not_verified]","[not_verified]","[not_verified]","サイレンス [community_reference;person-silence:F03]","[not_verified]","[not_verified]","Silence为干员显示名；本名全称奥利维亚·赫默／Olivia Silence另需字段承载，不能强制用于所有署名。 member_of仅表示引证故事阶段的成员关系，不能解释为当前仍在职。"
"person-kristen-wright","person","克丽斯腾·莱特","Kristen Wright [community_reference;person-kristen-wright:F02;source=en;not-edition-approved]","克丽斯腾·莱特 [community_reference;person-kristen-wright:F01]","Kristen Wright [community_reference;person-kristen-wright:F02;source=en;not-edition-approved]","[not_verified]","[not_verified]","[not_verified]","クリステン・ライト [community_reference;person-kristen-wright:F03]","[not_verified]","[not_verified]","全名与克丽斯腾简称分开；不要因中文近音而与Miss.Christine合并。 member_of仅表示引证故事阶段的成员关系，不能解释为当前仍在职。"
"person-emperor","person","大帝","Emperor [community_reference;person-emperor:F02;source=en;not-edition-approved]","大帝 [community_reference;person-emperor:F01]","Emperor [community_reference;person-emperor:F02;source=en;not-edition-approved]","[not_verified]","[not_verified]","[not_verified]","エンペラー [official_direct;person-emperor:F03]","[not_verified]","[not_verified]","此为企鹅形角色称号，不是乌萨斯或其他国家的皇帝头衔。 member_of仅表示引证故事阶段的成员关系，不能解释为当前仍在职。"
"person-texas","person","德克萨斯","Texas [community_reference;person-texas:F02;source=en;not-edition-approved]","德克萨斯 [community_reference;person-texas:F01]","Texas [community_reference;person-texas:F02;source=en;not-edition-approved]","[not_verified]","[not_verified]","[not_verified]","テキサス [community_reference;person-texas:F03]","[not_verified]","[not_verified]","人物名称与现实美国州名同形；本研究不从现实地名派生人名。异格代号另附时期。 member_of仅表示引证故事阶段的成员关系，不能解释为当前仍在职。"
"person-chen","person","陈","Ch'en [community_reference;person-chen:F02;source=en;not-edition-approved]","陈 [community_reference;person-chen:F01]","Ch'en [community_reference;person-chen:F02;source=en;not-edition-approved]","[not_verified]","[not_verified]","[not_verified]","チェン [community_reference;person-chen:F03]","[not_verified]","[not_verified]","Ch'en的撇号保留；陈是干员短名，人物全名及不同职务不能无条件替换。 member_of仅表示引证故事阶段的成员关系，不能解释为当前仍在职。"
"person-hoshiguma","person","星熊","Hoshiguma [community_reference;person-hoshiguma:F02;source=en;not-edition-approved]","星熊 [community_reference;person-hoshiguma:F01]","Hoshiguma [community_reference;person-hoshiguma:F02;source=en;not-edition-approved]","[not_verified]","[not_verified]","[not_verified]","ホシグマ [community_reference;person-hoshiguma:F03]","[not_verified]","[not_verified]","姓名不回译成字面的星与熊；后续异格代号及升任职务分别记录。 member_of仅表示引证故事阶段的成员关系，不能解释为当前仍在职。"
"person-nearl","person","临光","Nearl [community_reference;person-nearl:F02;source=en;not-edition-approved]","临光 [community_reference;person-nearl:F01]","Nearl [community_reference;person-nearl:F02;source=en;not-edition-approved]","[not_verified]","[not_verified]","[not_verified]","ニアール [community_reference;person-nearl:F03]","[not_verified]","[not_verified]","临光可能指个人代号或家族，本文限定干员个人；耀骑士称号与异格不用于所有时期。 member_of仅表示引证故事阶段的成员关系，不能解释为当前仍在职。"
"person-patriot","person","爱国者","Patriot [community_reference;person-patriot:F02;source=en;not-edition-approved] || Buldrokkas'tee [community_reference;person-patriot:F05;source=en;not-edition-approved]","爱国者 [community_reference;person-patriot:F01] || 博卓卡斯替 [community_reference;person-patriot:F04]","Patriot [community_reference;person-patriot:F02;source=en;not-edition-approved] || Buldrokkas'tee [community_reference;person-patriot:F05;source=en;not-edition-approved]","[not_verified]","[not_verified]","[not_verified]","パトリオット [community_reference;person-patriot:F03] || ボジョカスティ [community_reference;person-patriot:F06]","[not_verified]","[not_verified]","爱国者为称号；不泛化成所有忠于国家的人。 member_of仅表示引证故事阶段的成员关系，不能解释为当前仍在职。"
"person-talulah","person","塔露拉·雅特利亚斯","Talulah Artorius [community_reference;person-talulah:F02;source=en;not-edition-approved]","塔露拉·雅特利亚斯 [community_reference;person-talulah:F01]","Talulah Artorius [community_reference;person-talulah:F02;source=en;not-edition-approved]","[not_verified]","[not_verified]","[not_verified]","タルラ・アルトリウス [community_reference;person-talulah:F03]","[not_verified]","[not_verified]","全名与塔露拉简称按语境使用；不同剧情阶段的意识、领导状态不能由同名自动推定。 member_of仅表示引证故事阶段的成员关系，不能解释为当前仍在职。"
"concept-originium","concept","源石","Originium [official_direct;concept-originium:F02;source=en;not-edition-approved]","源石 [official_direct;concept-originium:F01]","Originium [official_direct;concept-originium:F02;source=en;not-edition-approved]","Originium [candidate;protected_name;CAND-concept-originium-de-DE]","Originium [candidate;protected_name;CAND-concept-originium-el-GR]","Originium [candidate;protected_name;CAND-concept-originium-it-IT]","源石 [official_direct;concept-originium:F03]","Originium [candidate;protected_name;CAND-concept-originium-pl-PL]","Originium [candidate;protected_name;CAND-concept-originium-ru-RU]","区别于商店货币至纯源石及合成玉；此处只定义基础物质。"
"concept-oripathy","disease","矿石病","Oripathy [community_reference;concept-oripathy:F02;source=en;not-edition-approved]","矿石病 [official_direct;concept-oripathy:F01]","Oripathy [community_reference;concept-oripathy:F02;source=en;not-edition-approved]","Oripathy [candidate;protected_name;CAND-concept-oripathy-de-DE]","Oripathy [candidate;protected_name;CAND-concept-oripathy-el-GR]","Oripathy [candidate;protected_name;CAND-concept-oripathy-it-IT]","鉱石病 [official_direct;concept-oripathy:F03]","Oripathy [candidate;protected_name;CAND-concept-oripathy-pl-PL]","Oripathy [candidate;protected_name;CAND-concept-oripathy-ru-RU]","输入误称“源石病”应记录为应避免译法，不能设为中文标准；本包不把疾病机制移用于现实医疗。"
"concept-infected","concept","感染者","Infected [community_reference;concept-infected:F02;source=en;not-edition-approved]","感染者 [official_direct;concept-infected:F01]","Infected [community_reference;concept-infected:F02;source=en;not-edition-approved]","Infizierte [candidate;semantic_translation;CAND-concept-infected-de-DE]","μολυσμένοι [candidate;semantic_translation;CAND-concept-infected-el-GR]","infetti [candidate;semantic_translation;CAND-concept-infected-it-IT]","感染者 [official_direct;concept-infected:F03]","zarażeni [candidate;semantic_translation;CAND-concept-infected-pl-PL]","заражённые [candidate;semantic_translation;CAND-concept-infected-ru-RU]","感染者是健康与社会处境，不是种族；不等于敌方阵营。"
"concept-arts","concept","源石技艺","Arts [official_direct;concept-arts:F02;source=en;not-edition-approved] || Originium Arts [community_reference;concept-arts:F03;source=en;not-edition-approved]","源石技艺 [official_reproduced;concept-arts:F01]","Arts [official_direct;concept-arts:F02;source=en;not-edition-approved] || Originium Arts [community_reference;concept-arts:F03;source=en;not-edition-approved]","Originium-Künste [candidate;semantic_translation;CAND-concept-arts-de-DE]","τέχνες του Originium [candidate;semantic_translation;CAND-concept-arts-el-GR]","arti dell’Originium [candidate;semantic_translation;CAND-concept-arts-it-IT]","アーツ [official_direct;concept-arts:F04]","sztuki Originium [candidate;semantic_translation;CAND-concept-arts-pl-PL]","искусства Originium [candidate;semantic_translation;CAND-concept-arts-ru-RU]","英文Arts在设定语境指源石技艺；剧团网站普通arts/艺术文案不能全部映射到本概念。"
"concept-catastrophe","concept","天灾","Catastrophes [official_direct;concept-catastrophe:F02;source=en;not-edition-approved]","天灾 [official_direct;concept-catastrophe:F01]","Catastrophes [official_direct;concept-catastrophe:F02;source=en;not-edition-approved]","Katastrophe [candidate;semantic_translation;CAND-concept-catastrophe-de-DE]","καταστροφή [candidate;semantic_translation;CAND-concept-catastrophe-el-GR]","catastrofe [candidate;semantic_translation;CAND-concept-catastrophe-it-IT]","天災 [official_direct;concept-catastrophe:F03]","katastrofa [candidate;semantic_translation;CAND-concept-catastrophe-pl-PL]","катастрофа [candidate;semantic_translation;CAND-concept-catastrophe-ru-RU]","不是任意失误、事故或叙事污染的统一名称；英文原访谈提供复数，保留实际可见字形。"
"concept-nomadic-city","concept","移动城市","Nomadic city [community_reference;concept-nomadic-city:F02;source=en;not-edition-approved]","移动城市 [official_reproduced;concept-nomadic-city:F01]","Nomadic city [community_reference;concept-nomadic-city:F02;source=en;not-edition-approved]","mobile Stadt [candidate;semantic_translation;CAND-concept-nomadic-city-de-DE]","κινητή πόλη [candidate;semantic_translation;CAND-concept-nomadic-city-el-GR]","città mobile [candidate;semantic_translation;CAND-concept-nomadic-city-it-IT]","[not_verified]","mobilne miasto [candidate;semantic_translation;CAND-concept-nomadic-city-pl-PL]","мобильный город [candidate;semantic_translation;CAND-concept-nomadic-city-ru-RU]","不是所有泰拉聚落都可移动；ja-JP形式本包未取得合适锚点，显式缺失，待补。"
"role-catastrophe-messenger","role","天灾信使","Catastrophe Messenger [official_direct;role-catastrophe-messenger:F02;source=en;not-edition-approved]","天灾信使 [official_reproduced;role-catastrophe-messenger:F01]","Catastrophe Messenger [official_direct;role-catastrophe-messenger:F02;source=en;not-edition-approved]","Katastrophenbote [candidate;semantic_translation;CAND-role-catastrophe-messenger-de-DE]","αγγελιοφόρος καταστροφών [candidate;semantic_translation;CAND-role-catastrophe-messenger-el-GR]","messaggero delle catastrofi [candidate;semantic_translation;CAND-role-catastrophe-messenger-it-IT]","天災トランスポーター [official_direct;role-catastrophe-messenger:F03]","posłaniec katastrof [candidate;semantic_translation;CAND-role-catastrophe-messenger-pl-PL]","вестник катастроф [candidate;semantic_translation;CAND-role-catastrophe-messenger-ru-RU]","与一般配送信使相关但不等同；不把英文Messenger自动译成快递员。"
"concept-oripathy-suppressant","concept","矿石病抑制剂","Oripathy suppressants [official_reproduced;concept-oripathy-suppressant:F02;source=en;not-edition-approved]","矿石病抑制剂 [official_reproduced;concept-oripathy-suppressant:F01]","Oripathy suppressants [official_reproduced;concept-oripathy-suppressant:F02;source=en;not-edition-approved]","Oripathy-Suppressivum [candidate;semantic_translation;CAND-concept-oripathy-suppressant-de-DE]","κατασταλτικό της Oripathy [candidate;semantic_translation;CAND-concept-oripathy-suppressant-el-GR]","farmaco soppressore dell’Oripathy [candidate;semantic_translation;CAND-concept-oripathy-suppressant-it-IT]","[not_verified]","środek hamujący Oripathy [candidate;semantic_translation;CAND-concept-oripathy-suppressant-pl-PL]","средство для подавления Oripathy [candidate;semantic_translation;CAND-concept-oripathy-suppressant-ru-RU]","不是治愈药；普通抑制剂、浓缩抑制剂与抑制器具不可互换。ja-JP通用药名未独立核实；濃縮抑制剤只是具体藏品名称，不截掉修饰词冒充通用官方标签。"
"currency-lmd","currency","龙门币","LMD [official_direct;currency-lmd:F02;source=en;not-edition-approved] || Lungmen dollar [community_reference;currency-lmd:F03;source=en;not-edition-approved]","龙门币 [community_reference;currency-lmd:F01]","LMD [official_direct;currency-lmd:F02;source=en;not-edition-approved] || Lungmen dollar [community_reference;currency-lmd:F03;source=en;not-edition-approved]","LMD [candidate;protected_name;CAND-currency-lmd-de-DE]","LMD [candidate;protected_name;CAND-currency-lmd-el-GR]","LMD [candidate;protected_name;CAND-currency-lmd-it-IT]","龍門幣 [official_direct;currency-lmd:F04]","LMD [candidate;protected_name;CAND-currency-lmd-pl-PL]","LMD [candidate;protected_name;CAND-currency-lmd-ru-RU]","LMD为缩写；勿等同至纯源石、合成玉或现实货币。"
"role-operator","role","干员","Operator [official_direct;role-operator:F02;source=en;not-edition-approved]","干员 [official_direct;role-operator:F01]","Operator [official_direct;role-operator:F02;source=en;not-edition-approved]","Einsatzkraft [candidate;semantic_translation;CAND-role-operator-de-DE]","επιχειρησιακός πράκτορας [candidate;semantic_translation;CAND-role-operator-el-GR]","operatore [candidate;semantic_translation;CAND-role-operator-it-IT]","オペレーター [official_direct;role-operator:F03]","operator [candidate;semantic_translation;CAND-role-operator-pl-PL]","оперативник [candidate;semantic_translation;CAND-role-operator-ru-RU]","角色身份词与游戏可操作单位相关；不自动套用于普通剧团员工。"
"concept-originium-engine","concept","源石引擎","Originium engine [community_reference;concept-originium-engine:F02;source=en;not-edition-approved]","源石引擎 [official_reproduced;concept-originium-engine:F01]","Originium engine [community_reference;concept-originium-engine:F02;source=en;not-edition-approved]","Originium-Antrieb [candidate;semantic_translation;CAND-concept-originium-engine-de-DE]","κινητήρας Originium [candidate;semantic_translation;CAND-concept-originium-engine-el-GR]","motore a Originium [candidate;semantic_translation;CAND-concept-originium-engine-it-IT]","[not_verified]","silnik zasilany Originium [candidate;semantic_translation;CAND-concept-originium-engine-pl-PL]","двигатель на Originium [candidate;semantic_translation;CAND-concept-originium-engine-ru-RU]","是能源用途与移动城市的连接概念；ja-JP未核实，不从中文推音译。"
"concept-infection-monitor","concept","感染监控装置","Infection monitor [community_reference;concept-infection-monitor:F02;source=en;not-edition-approved]","感染监控装置 [official_reproduced;concept-infection-monitor:F01]","Infection monitor [community_reference;concept-infection-monitor:F02;source=en;not-edition-approved]","Infektionsmonitor [candidate;semantic_translation;CAND-concept-infection-monitor-de-DE]","συσκευή παρακολούθησης λοίμωξης [candidate;semantic_translation;CAND-concept-infection-monitor-el-GR]","dispositivo di monitoraggio dell’infezione [candidate;semantic_translation;CAND-concept-infection-monitor-it-IT]","[not_verified]","urządzenie monitorujące zakażenie [candidate;semantic_translation;CAND-concept-infection-monitor-pl-PL]","устройство мониторинга инфекции [candidate;semantic_translation;CAND-concept-infection-monitor-ru-RU]","监测器不是通用治愈装置；不可把不同型号或角色专用器具合并。ja-JP未核实。"
"concept-seaborn","race","海嗣","Seaborn [community_reference;concept-seaborn:F02;source=en;not-edition-approved]","海嗣 [community_reference;concept-seaborn:F01]","Seaborn [community_reference;concept-seaborn:F02;source=en;not-edition-approved]","[not_verified]","[not_verified]","[not_verified]","シーボーン [community_reference;concept-seaborn:F03]","[not_verified]","[not_verified]","不等同阿戈尔种族；海嗣、恐鱼、海怪随叙述语境有范围差别，不能据社区重定向全部当显示别名。"
"concept-collapsal","concept","坍缩体","Collapsal [community_reference;concept-collapsal:F02;source=en;not-edition-approved]","坍缩体 [community_reference;concept-collapsal:F01]","Collapsal [community_reference;concept-collapsal:F02;source=en;not-edition-approved]","[not_verified]","[not_verified]","[not_verified]","崩壊体 [community_reference;concept-collapsal:F03]","[not_verified]","[not_verified]","本包仅收录命名；其高风险认知机制不转写成站点行为。邪魔与坍缩体关系需保留说话人和语境。"
"concept-originium-slug","concept","源石虫","Originium slug [community_reference;concept-originium-slug:F02;source=en;not-edition-approved]","源石虫 [community_reference;concept-originium-slug:F01]","Originium slug [community_reference;concept-originium-slug:F02;source=en;not-edition-approved]","[not_verified]","[not_verified]","[not_verified]","オリジムシ [community_reference;concept-originium-slug:F03]","[not_verified]","[not_verified]","生物概念与游戏同名敌人条目分开；不据名称推定任何接触都会传染。"
"concept-cell-originium-assimilation","concept","体细胞与源石融合率","Cell-Originium Assimilation [official_reproduced;concept-cell-originium-assimilation:F02;source=en;not-edition-approved]","体细胞与源石融合率 [official_reproduced;concept-cell-originium-assimilation:F01]","Cell-Originium Assimilation [official_reproduced;concept-cell-originium-assimilation:F02;source=en;not-edition-approved]","Zell-Originium-Assimilationsgrad [candidate;semantic_translation;CAND-concept-cell-originium-assimilation-de-DE]","βαθμός αφομοίωσης Originium στα κύτταρα [candidate;semantic_translation;CAND-concept-cell-originium-assimilation-el-GR]","grado di assimilazione cellulare dell’Originium [candidate;semantic_translation;CAND-concept-cell-originium-assimilation-it-IT]","[not_verified]","stopień asymilacji Originium w komórkach [candidate;semantic_translation;CAND-concept-cell-originium-assimilation-pl-PL]","степень слияния клеток с Originium [candidate;semantic_translation;CAND-concept-cell-originium-assimilation-ru-RU]","保留百分比指标身份，与血液浓度分开；不保存本次来源人物的个体数值。ja-JP未核实。"
"concept-blood-originium-density","concept","血液源石结晶密度","Blood Originium-Crystal Density [official_reproduced;concept-blood-originium-density:F02;source=en;not-edition-approved]","血液源石结晶密度 [official_reproduced;concept-blood-originium-density:F01]","Blood Originium-Crystal Density [official_reproduced;concept-blood-originium-density:F02;source=en;not-edition-approved]","Originium-Kristalldichte im Blut [candidate;semantic_translation;CAND-concept-blood-originium-density-de-DE]","πυκνότητα κρυστάλλων Originium στο αίμα [candidate;semantic_translation;CAND-concept-blood-originium-density-el-GR]","densità dei cristalli di Originium nel sangue [candidate;semantic_translation;CAND-concept-blood-originium-density-it-IT]","[not_verified]","gęstość kryształów Originium we krwi [candidate;semantic_translation;CAND-concept-blood-originium-density-pl-PL]","концентрация кристаллов Originium в крови [candidate;semantic_translation;CAND-concept-blood-originium-density-ru-RU]","与细胞融合百分比不同；保留u/L单位语境，不换算为现实医学阈值。ja-JP未核实。"
"race-sarkaz","race","萨卡兹","Sarkaz [community_reference;race-sarkaz:F02;source=en;not-edition-approved]","萨卡兹 [community_reference;race-sarkaz:F01]","Sarkaz [community_reference;race-sarkaz:F02;source=en;not-edition-approved]","[not_verified]","[not_verified]","[not_verified]","サルカズ [community_reference;race-sarkaz:F03]","[not_verified]","[not_verified]","不是邪恶身份标签；与萨科塔分开。"
"race-sankta","race","萨科塔","Sankta [community_reference;race-sankta:F02;source=en;not-edition-approved]","萨科塔 [community_reference;race-sankta:F01]","Sankta [community_reference;race-sankta:F02;source=en;not-edition-approved]","[not_verified]","[not_verified]","[not_verified]","サンクタ [community_reference;race-sankta:F03]","[not_verified]","[not_verified]","与萨卡兹及拉特兰国籍分开。"
"race-feline","race","菲林","Feline [community_reference;race-feline:F02;source=en;not-edition-approved]","菲林 [community_reference;race-feline:F01]","Feline [community_reference;race-feline:F02;source=en;not-edition-approved]","[not_verified]","[not_verified]","[not_verified]","フェリーン [community_reference;race-feline:F03]","[not_verified]","[not_verified]","不能把所有猫形角色推定为该族群；阿斯兰另列。"
"race-caprinae","race","卡普里尼","Caprinae [community_reference;race-caprinae:F02;source=en;not-edition-approved]","卡普里尼 [community_reference;race-caprinae:F01]","Caprinae [community_reference;race-caprinae:F02;source=en;not-edition-approved]","[not_verified]","[not_verified]","[not_verified]","キャプリニー [community_reference;race-caprinae:F03]","[not_verified]","[not_verified]","有角不等于萨卡兹；日文不能凭中文推为カプリニー。"
"race-lupo","race","鲁珀","Lupo [community_reference;race-lupo:F02;source=en;not-edition-approved]","鲁珀 [community_reference;race-lupo:F01]","Lupo [community_reference;race-lupo:F02;source=en;not-edition-approved]","[not_verified]","[not_verified]","[not_verified]","ループス [community_reference;race-lupo:F03]","[not_verified]","[not_verified]","与佩洛、沃尔珀分开，不把全部叙拉古人当鲁珀。"
"race-liberi","race","黎博利","Liberi [community_reference;race-liberi:F02;source=en;not-edition-approved]","黎博利 [community_reference;race-liberi:F01]","Liberi [community_reference;race-liberi:F02;source=en;not-edition-approved]","[not_verified]","[not_verified]","[not_verified]","リーベリ [community_reference;race-liberi:F03]","[not_verified]","[not_verified]","种族身份不等同伊比利亚或拉特兰国籍。"
"race-vulpo","race","沃尔珀","Vulpo [community_reference;race-vulpo:F02;source=en;not-edition-approved]","沃尔珀 [community_reference;race-vulpo:F01]","Vulpo [community_reference;race-vulpo:F02;source=en;not-edition-approved]","[not_verified]","[not_verified]","[not_verified]","ヴァルポ [community_reference;race-vulpo:F03]","[not_verified]","[not_verified]","与鲁珀、佩洛分开。"
"race-forte","race","丰蹄","Forte [community_reference;race-forte:F02;source=en;not-edition-approved]","丰蹄 [community_reference;race-forte:F01]","Forte [community_reference;race-forte:F02;source=en;not-edition-approved]","[not_verified]","[not_verified]","[not_verified]","フォルテ [community_reference;race-forte:F03]","[not_verified]","[not_verified]","不把现实希腊人或所有米诺斯人等同丰蹄。"
"race-aslan","race","阿斯兰","Aslan [community_reference;race-aslan:F02;source=en;not-edition-approved]","阿斯兰 [community_reference;race-aslan:F01]","Aslan [community_reference;race-aslan:F02;source=en;not-edition-approved]","[not_verified]","[not_verified]","[not_verified]","アスラン [community_reference;race-aslan:F03]","[not_verified]","[not_verified]","政治身份与生物分类并不完全重合；不把全部维多利亚居民称作阿斯兰。"
"race-kuranta","race","库兰塔","Kuranta [community_reference;race-kuranta:F02;source=en;not-edition-approved]","库兰塔 [community_reference;race-kuranta:F01]","Kuranta [community_reference;race-kuranta:F02;source=en;not-edition-approved]","[not_verified]","[not_verified]","[not_verified]","クランタ [community_reference;race-kuranta:F03]","[not_verified]","[not_verified]","种族不等同卡西米尔国籍或骑士职业。"
"race-elafia","race","埃拉菲亚","Elafia [community_reference;race-elafia:F02;source=en;not-edition-approved]","埃拉菲亚 [community_reference;race-elafia:F01]","Elafia [community_reference;race-elafia:F02;source=en;not-edition-approved]","[not_verified]","[not_verified]","[not_verified]","エラフィア [community_reference;race-elafia:F03]","[not_verified]","[not_verified]","种族不等同萨米居民或萨米族文化身份。"
"race-zalak","race","札拉克","Zalak [community_reference;race-zalak:F02;source=en;not-edition-approved]","札拉克 [community_reference;race-zalak:F01]","Zalak [community_reference;race-zalak:F02;source=en;not-edition-approved]","[not_verified]","[not_verified]","[not_verified]","ザラック [community_reference;race-zalak:F03]","[not_verified]","[not_verified]","不把个体外观推成唯一动物原型。"
"race-vouivre","race","瓦伊凡","Vouivre [community_reference;race-vouivre:F02;source=en;not-edition-approved]","瓦伊凡 [community_reference;race-vouivre:F01]","Vouivre [community_reference;race-vouivre:F02;source=en;not-edition-approved]","[not_verified]","[not_verified]","[not_verified]","ヴイーヴル [community_reference;race-vouivre:F03]","[not_verified]","[not_verified]","与德拉克分开；ヴイーヴル的イ为大写片假名。"
"race-durin","race","杜林","Durin [community_reference;race-durin:F02;source=en;not-edition-approved]","杜林 [community_reference;race-durin:F01]","Durin [community_reference;race-durin:F02;source=en;not-edition-approved]","[not_verified]","[not_verified]","[not_verified]","ドゥリン [community_reference;race-durin:F03]","[not_verified]","[not_verified]","杜林种族、地下国家与同名干员必须用不同概念ID。"
"race-oni","race","鬼","Oni [community_reference;race-oni:F02;source=en;not-edition-approved]","鬼 [community_reference;race-oni:F01]","Oni [community_reference;race-oni:F02;source=en;not-edition-approved]","[not_verified]","[not_verified]","[not_verified]","鬼 [community_reference;race-oni:F03]","[not_verified]","[not_verified]","不是通用幽灵，也不能用日本国籍替代。日文字面保留鬼，读音不并入标准显示。"
"race-cautus","race","卡特斯","Cautus [community_reference;race-cautus:F02;source=en;not-edition-approved]","卡特斯 [community_reference;race-cautus:F01]","Cautus [community_reference;race-cautus:F02;source=en;not-edition-approved]","[not_verified]","[not_verified]","[not_verified]","コータス [community_reference;race-cautus:F03]","[not_verified]","[not_verified]","不是所有长耳角色的泛称。"
"race-perro","race","佩洛","Perro [community_reference;race-perro:F02;source=en;not-edition-approved]","佩洛 [community_reference;race-perro:F01]","Perro [community_reference;race-perro:F02;source=en;not-edition-approved]","[not_verified]","[not_verified]","[not_verified]","ペッロー [community_reference;race-perro:F03]","[not_verified]","[not_verified]","与鲁珀、沃尔珀分开。"
"race-draco","race","德拉克","Draco [community_reference;race-draco:F02;source=en;not-edition-approved]","德拉克 [community_reference;race-draco:F01]","Draco [community_reference;race-draco:F02;source=en;not-edition-approved]","[not_verified]","[not_verified]","[not_verified]","ドラコ [community_reference;race-draco:F03]","[not_verified]","[not_verified]","与瓦伊凡及龙族分开，不把英文dragon一律归入本概念。"
"race-aegir","race","阿戈尔","Aegir [community_reference;race-aegir:F02;source=en;not-edition-approved] || Ægir [community_reference;race-aegir:F04;source=en;not-edition-approved]","阿戈尔 [community_reference;race-aegir:F01]","Aegir [community_reference;race-aegir:F02;source=en;not-edition-approved] || Ægir [community_reference;race-aegir:F04;source=en;not-edition-approved]","[not_verified]","[not_verified]","[not_verified]","エーギル [community_reference;race-aegir:F03]","[not_verified]","[not_verified]","种族与同名海底国家分开；不等于海嗣。"
"race-ursus","race","乌萨斯","Ursus [community_reference;race-ursus:F02;source=en;not-edition-approved]","乌萨斯 [community_reference;race-ursus:F01]","Ursus [community_reference;race-ursus:F02;source=en;not-edition-approved]","[not_verified]","[not_verified]","[not_verified]","ウルサス [community_reference;race-ursus:F03]","[not_verified]","[not_verified]","种族与乌萨斯帝国、帝国公民身份分开。"
"race-petram","race","匹特拉姆","Petram [community_reference;race-petram:F02;source=en;not-edition-approved]","匹特拉姆 [community_reference;race-petram:F01]","Petram [community_reference;race-petram:F02;source=en;not-edition-approved]","[not_verified]","[not_verified]","[not_verified]","ペートラム [community_reference;race-petram:F03]","[not_verified]","[not_verified]","不能仅凭角色动物原型推断身份。"
"production:ode-au-triomphe","folio-reference","凯旋颂","Ode au Triomphe [project_approved;official-folio-productions.md#PROD-SRC-01;not-edition-approved]","凯旋颂 [project_approved;official-folio-productions.md#PROD-SRC-01;not-edition-approved]","Ode au Triomphe [project_approved;official-folio-productions.md#PROD-SRC-01;not-edition-approved]","[not_verified]","[not_verified]","[not_verified]","凱旋の讃歌 [project_approved;official-folio-productions.md#PROD-SRC-01;not-edition-approved]","[not_verified]","[not_verified]","只读来源视图；标题存在不代表剧目已排演、批准发布或允许改写官方描述。"
"production:der-ring","folio-reference","湖中至宝","Der Ring [project_approved;official-folio-productions.md#PROD-SRC-02;not-edition-approved]","湖中至宝 [project_approved;official-folio-productions.md#PROD-SRC-02;not-edition-approved]","Der Ring [project_approved;official-folio-productions.md#PROD-SRC-02;not-edition-approved]","[not_verified]","[not_verified]","[not_verified]","湖中の至宝 [project_approved;official-folio-productions.md#PROD-SRC-02;not-edition-approved]","[not_verified]","[not_verified]","只读来源视图；标题存在不代表剧目已排演、批准发布或允许改写官方描述。"
"production:one-hundred-and-one-days","folio-reference","一百零一日","One Hundred and One Days [project_approved;official-folio-productions.md#PROD-SRC-03;not-edition-approved]","一百零一日 [project_approved;official-folio-productions.md#PROD-SRC-03;not-edition-approved]","One Hundred and One Days [project_approved;official-folio-productions.md#PROD-SRC-03;not-edition-approved]","[not_verified]","[not_verified]","[not_verified]","百日一日物語 [project_approved;official-folio-productions.md#PROD-SRC-03;not-edition-approved]","[not_verified]","[not_verified]","只读来源视图；标题存在不代表剧目已排演、批准发布或允许改写官方描述。"
"production:lone-wander","folio-reference","独行客","Lone Wander [project_approved;official-folio-productions.md#PROD-SRC-04;not-edition-approved]","独行客 [project_approved;official-folio-productions.md#PROD-SRC-04;not-edition-approved]","Lone Wander [project_approved;official-folio-productions.md#PROD-SRC-04;not-edition-approved]","[not_verified]","[not_verified]","[not_verified]","独り往く者 [project_approved;official-folio-productions.md#PROD-SRC-04;not-edition-approved]","[not_verified]","[not_verified]","只读来源视图；标题存在不代表剧目已排演、批准发布或允许改写官方描述。"
"production:wonderland-in-dream","folio-reference","梦中奇缘","Wonderland in Dream [project_approved;official-folio-productions.md#PROD-SRC-05;not-edition-approved]","梦中奇缘 [project_approved;official-folio-productions.md#PROD-SRC-05;not-edition-approved]","Wonderland in Dream [project_approved;official-folio-productions.md#PROD-SRC-05;not-edition-approved]","[not_verified]","[not_verified]","[not_verified]","夢の国の冒険譚 [project_approved;official-folio-productions.md#PROD-SRC-05;not-edition-approved]","[not_verified]","[not_verified]","只读来源视图；标题存在不代表剧目已排演、批准发布或允许改写官方描述。"
"production:frost-deer-and-snow-doe","folio-reference","霜牡与雪牝","Frost Deer and Snow Doe [project_approved;official-folio-productions.md#PROD-SRC-06;not-edition-approved]","霜牡与雪牝 [project_approved;official-folio-productions.md#PROD-SRC-06;not-edition-approved]","Frost Deer and Snow Doe [project_approved;official-folio-productions.md#PROD-SRC-06;not-edition-approved]","[not_verified]","[not_verified]","[not_verified]","霜の牡鹿と雪の牝鹿 [project_approved;official-folio-productions.md#PROD-SRC-06;not-edition-approved]","[not_verified]","[not_verified]","只读来源视图；标题存在不代表剧目已排演、批准发布或允许改写官方描述。"
"production:light-of-heria","folio-reference","赫里亚之辉","Light of Heria [project_approved;official-folio-productions.md#PROD-SRC-07;not-edition-approved]","赫里亚之辉 [project_approved;official-folio-productions.md#PROD-SRC-07;not-edition-approved]","Light of Heria [project_approved;official-folio-productions.md#PROD-SRC-07;not-edition-approved]","[not_verified]","[not_verified]","[not_verified]","ヘリアの輝き [project_approved;official-folio-productions.md#PROD-SRC-07;not-edition-approved]","[not_verified]","[not_verified]","只读来源视图；标题存在不代表剧目已排演、批准发布或允许改写官方描述。"
"production:sette-collis-mother-wolf","folio-reference","七丘的狼母","Sette colli's Mother Wolf [project_approved;official-folio-productions.md#PROD-SRC-08;not-edition-approved]","七丘的狼母 [project_approved;official-folio-productions.md#PROD-SRC-08;not-edition-approved]","Sette colli's Mother Wolf [project_approved;official-folio-productions.md#PROD-SRC-08;not-edition-approved]","[not_verified]","[not_verified]","[not_verified]","七丘の母狼 [project_approved;official-folio-productions.md#PROD-SRC-08;not-edition-approved]","[not_verified]","[not_verified]","只读来源视图；标题存在不代表剧目已排演、批准发布或允许改写官方描述。"
"production:the-dawn","folio-reference","初晓","The Dawn [project_approved;official-folio-productions.md#PROD-SRC-09;not-edition-approved]","初晓 [project_approved;official-folio-productions.md#PROD-SRC-09;not-edition-approved]","The Dawn [project_approved;official-folio-productions.md#PROD-SRC-09;not-edition-approved]","[not_verified]","[not_verified]","[not_verified]","曙光 [project_approved;official-folio-productions.md#PROD-SRC-09;not-edition-approved]","[not_verified]","[not_verified]","只读来源视图；标题存在不代表剧目已排演、批准发布或允许改写官方描述。"
"production:the-golden-fowlbeast","folio-reference","金羽兽","The Golden Fowlbeast [project_approved;official-folio-productions.md#PROD-SRC-10;not-edition-approved]","金羽兽 [project_approved;official-folio-productions.md#PROD-SRC-10;not-edition-approved]","The Golden Fowlbeast [project_approved;official-folio-productions.md#PROD-SRC-10;not-edition-approved]","[not_verified]","[not_verified]","[not_verified]","金色の羽獣 [project_approved;official-folio-productions.md#PROD-SRC-10;not-edition-approved]","[not_verified]","[not_verified]","只读来源视图；标题存在不代表剧目已排演、批准发布或允许改写官方描述。"
"production:wild-gold","folio-reference","狂野之金","Wild Gold [project_approved;official-folio-productions.md#PROD-SRC-11;not-edition-approved]","狂野之金 [project_approved;official-folio-productions.md#PROD-SRC-11;not-edition-approved]","Wild Gold [project_approved;official-folio-productions.md#PROD-SRC-11;not-edition-approved]","[not_verified]","[not_verified]","[not_verified]","ワイルドゴールド [project_approved;official-folio-productions.md#PROD-SRC-11;not-edition-approved]","[not_verified]","[not_verified]","只读来源视图；标题存在不代表剧目已排演、批准发布或允许改写官方描述。"
"production:the-lullaby","folio-reference","摇篮曲","The Lullaby [project_approved;official-folio-productions.md#PROD-SRC-12;not-edition-approved]","摇篮曲 [project_approved;official-folio-productions.md#PROD-SRC-12;not-edition-approved]","The Lullaby [project_approved;official-folio-productions.md#PROD-SRC-12;not-edition-approved]","[not_verified]","[not_verified]","[not_verified]","子守り歌 [project_approved;official-folio-productions.md#PROD-SRC-12;not-edition-approved]","[not_verified]","[not_verified]","只读来源视图；标题存在不代表剧目已排演、批准发布或允许改写官方描述。"
"production:the-carnival","folio-reference","欢欣鼓舞","The Carnival [project_approved;official-folio-productions.md#PROD-SRC-13;not-edition-approved]","欢欣鼓舞 [project_approved;official-folio-productions.md#PROD-SRC-13;not-edition-approved]","The Carnival [project_approved;official-folio-productions.md#PROD-SRC-13;not-edition-approved]","[not_verified]","[not_verified]","[not_verified]","カーニバル [project_approved;official-folio-productions.md#PROD-SRC-13;not-edition-approved]","[not_verified]","[not_verified]","只读来源视图；标题存在不代表剧目已排演、批准发布或允许改写官方描述。"
